Time,Name,Point_Change,Comments
1733645944.37936,Kirtan,5,
1733646014.46351,Kirtan,5,
1733647034.5804648,Jack,5,
1733689917.463499,Warner,5,
1733689970.189342,Warner,-5,
1733690055.4352481,Warner,5,
