Time,Name,Point_Change,Comments
1733706344.945342,Warner,5,asdf
1733706479.148205,Warner,4,a
1733706485.608159,Warner,-4,a
1733706492.314145,Warner,-1,a
1733801966.6652858,Warner,5,Good
1733803424.2428749,Warner,5,asdf
1733803453.835008,Warner,1,asd
1733804003.438372,Warner,5,yeah
1733804272.884574,Warner,5,asdf
1733805076.117472,Warner,5,adsf
1733805087.795038,Warner,3,a
