Time,Name,Point_Change,Comments
1733706344.945342,Warner,5,asdf
1733706479.148205,Warner,4,a
1733706485.608159,Warner,-4,a
