Time,Name,Point_Change
1733627809.75197,John,1
1733627825.619484,John,-1
1733628314.9890728,John,1
1733628333.430565,John,1
1733628364.96692,Jack,2
1733629534.462325,John,2
1733629735.3055391,Warner,5
