Time,Name,Point_Change,Comments
1733636804.875433,Warner,5,
1733636815.862678,Warner,5,Shithead
1733637010.875278,Warner,5,
1733637277.631382,Warner,5,
1733637338.195885,Warner,5,
1733637457.331121,Warner,5,
