Time,Name,Point_Change,Comments
1734420054.604347,Warner,5,asd
1734420073.2768152,Warner,5,fds
1734420117.0884428,Warner,4,asdf
